Response,id,Gender,Age,Driving_License,Region_Code,Previously_Insured,Vehicle_Age,Vehicle_Damage,Annual_Premium,Policy_Sales_Channel,Vintage
0,752054.3750760746,0.24969512195121923,244.42615418118484,0.0030394889663182354,181.67080429732883,0.25005574912892,0.3206518583042968,0.2478809523809524,257435328.68087944,2779.7503475609756,6910.570317944252
1,739458.5598859179,0.23954367201426047,147.92309447415363,0.0,121.97580035650626,0.0,0.4645276292335121,0.015786096256684472,433387304.3499181,3108.2178538324447,7068.231401069527
