Response,id,Gender,Age,Driving_License,Region_Code,Previously_Insured,Vehicle_Age,Vehicle_Damage,Annual_Premium,Policy_Sales_Channel,Vintage
0,1446737998.648924,0.24907733057224998,249.73146157759027,0.002236120907820174,180.07369335549419,0.2495562055292207,0.31543694821744445,0.24633172211704038,283875414.04779154,2836.666996919791,7013.123000727298
1,1433936292.5216813,0.23828605946096215,147.0584269666212,0.000929597662374977,136.76577425906646,0.0029686179325789457,0.4350152500495579,0.01945589173846475,359325106.5117881,3132.977171766263,7069.1351592023575
